STCOFIPS,RegionName,nfip_cumulative_claim_payment,nfip_cumulative_claim_count,nfip_total_claim_payment,nfip_claim_count,nfip_recent_3yr_claim_payment,nfip_cumulative_claim_payment_millions,log_nfip_cumulative_claim_payment
12001,Alachua County,6741574.43,162.0,6741574.43,162.0,4095305.92,6.74157443,15.723804198898218
12003,Baker County,2011586.32,49.0,2011586.32,49.0,937761.14,2.01158632,14.514434679820033
12005,Bay County,158586013.69,3441.0,158586013.69,3441.0,137115824.19,158.58601369,18.881807683516556
12007,Bradford County,3972371.02,130.0,3972371.02,130.0,3206537.61,3.97237102,15.194873960385689
12009,Brevard County,33558831.34,1676.0,33558831.34,1676.0,22015440.42,33.558831340000005,17.328810645751783
12011,Broward County,370567774.03,10978.0,370567774.03,10978.0,288089104.87,370.56777402999995,19.730546914527032
12013,Calhoun County,181879.82,14.0,181879.82,14.0,118489.09,0.18187982,12.111106916395904
12015,Charlotte County,461155716.86,8964.0,461155716.86,8964.0,456401720.51,461.15571686000004,19.949246326701736
12017,Citrus County,322589290.18,3980.0,322589290.18,3980.0,269955798.93,322.58929018000003,19.591890527754124
12019,Clay County,69913375.06,1147.0,69913375.06,1147.0,62336454.99,69.91337506,18.062767548839837
12021,Collier County,1114534735.9,12816.0,1114534735.8999999,12816.0,1051580510.51,1114.5347359,20.831702878451633
12023,Columbia County,5651760.7,160.0,5651760.7,160.0,4338175.63,5.6517607000000005,15.547477859831185
12027,De Soto County,14541777.96,234.0,14541777.96,234.0,12164619.99,14.541777960000001,16.49253637196659
12029,Dixie County,14831982.91,342.0,14831982.91,342.0,12391101.82,14.83198291,16.512296481970573
12031,Duval County,183286994.43,3660.0,183286994.43,3660.0,164680771.97000003,183.28699443000002,19.02656376337546
12033,Escambia County,191431729.57,4722.0,191431729.57,4722.0,98748177.34,191.43172957,19.070041804695357
12035,Flagler County,76277883.64,1777.0,76277883.64,1777.0,55726539.38,76.27788364,18.149893606796496
12037,Franklin County,20893013.130000003,954.0,20893013.130000003,954.0,19441793.46,20.893013130000003,16.854925408907228
12039,Gadsden County,121509.48,4.0,121509.48,4.0,117040.86,0.12150947999999999,11.707755793187012
12041,Gilchrist County,431826.76,40.0,431826.76,40.0,184003.14,0.43182676000000003,12.97578208401909
12043,Glades County,112178.56,13.0,112178.56,13.0,103534.78,0.11217856,11.627856080786852
12045,Gulf County,83108058.44000001,1015.0,83108058.44000001,1015.0,82578773.18,83.10805844000001,18.235652239960498
12047,Hamilton County,50367.3,8.0,50367.3,8.0,47620.04,0.050367300000000004,10.82711728792198
12049,Hardee County,5469225.05,80.0,5469225.05,80.0,4317813.649999999,5.4692250499999995,15.514647674442362
12051,Hendry County,297467.22,37.0,297467.22,37.0,227713.41,0.29746722,12.60306267473237
12053,Hernando County,109478956.19,1798.0,109478956.19,1798.0,97796198.25,109.47895618999999,18.511242916972645
12055,Highlands County,2033213.84,120.0,2033213.84,120.0,1215010.3,2.03321384,14.525128763367515
12057,Hillsborough County,1126276724.11,12614.0,1126276724.1100001,12614.0,1095317959.13,1126.2767241099998,20.842183095892747
12059,Holmes County,919453.36,21.0,919453.3600000001,21.0,909700.63,0.91945336,13.731535686123062
12061,Indian River County,12065238.86,459.0,12065238.86,459.0,6635901.66,12.06523886,16.30583913749015
12063,Jackson County,416819.28,38.0,416819.27999999997,38.0,345346.80000000005,0.41681928,12.94041042466755
12065,Jefferson County,0.0,2.0,0.0,2.0,0.0,0.0,0.0
12067,Lafayette County,238241.86,9.0,238241.86,9.0,220190.13,0.23824186,12.381045852546922
12069,Lake County,6082972.98,305.0,6082972.98,305.0,3108567.16,6.08297298,15.621004275799036
12071,Lee County,3878871800.62,39411.0,3878871800.62,39411.0,3808978824.77,3878.8718006199997,22.07881017552064
12073,Leon County,1948823.46,136.0,1948823.46,136.0,1508385.28,1.94882346,14.482736907732576
12075,Levy County,46948932.89,670.0,46948932.89,670.0,39454684.34,46.94893289,17.664571056012488
12077,Liberty County,0.0,1.0,0.0,1.0,0.0,0.0,0.0
12079,Madison County,260077.14,13.0,260077.14,13.0,171051.0,0.26007714000000004,12.468737403306566
12081,Manatee County,621365987.87,7407.0,621365987.87,7407.0,604686922.1,621.36598787,20.247430820354825
12083,Marion County,5170797.94,125.0,5170797.94,125.0,3359056.03,5.170797940000001,15.458537768394617
12085,Martin County,7559944.82,379.0,7559944.819999999,379.0,2916546.09,7.55994482,15.838374581463368
12086,Miami-Dade County,288350422.45,9370.0,288350422.45,9370.0,121328990.3,288.35042245,19.47968704655245
12087,Monroe County,324202018.58000004,8925.0,324202018.58000004,8925.0,293335263.59000003,324.20201858,19.596877396672728
12089,Nassau County,9657572.61,413.0,9657572.61,413.0,6811667.359999999,9.657572609999999,16.08325299554892
12091,Okaloosa County,23016039.24,833.0,23016039.24,833.0,11804005.66,23.016039239999998,16.95170193256097
12093,Okeechobee County,512263.49,69.0,512263.49,69.0,271244.49,0.51226349,13.14659635267033
12095,Orange County,69324860.48,1413.0,69324860.48,1413.0,64037641.88,69.32486048,18.054314151339344
12097,Osceola County,24084282.160000004,685.0,24084282.160000004,685.0,21325733.92,24.084282160000004,16.997070034680554
12099,Palm Beach County,26918103.82,2233.0,26918103.82,2233.0,8957064.29,26.91810382,17.108309659816808
12101,Pasco County,589065143.03,7666.0,589065143.03,7666.0,555713047.77,589.06514303,20.19404733656962
12103,Pinellas County,3565829110.6600003,31445.0,3565829110.6600003,31445.0,3501584429.07,3565.8291106600004,21.994662433663088
12105,Polk County,37941335.43,915.0,37941335.43,915.0,29916430.15,37.94133543,17.45155174667944
12107,Putnam County,8966464.56,420.0,8966464.56,420.0,6755355.49,8.96646456,16.009002127399654
12109,Saint Johns County,244978943.55,6504.0,244978943.55,6504.0,210539988.85,244.97894355000003,19.31668282420365
12111,Saint Lucie County,14207186.52,536.0,14207186.52,536.0,11218346.45,14.207186519999999,16.469258557894296
12113,Santa Rosa County,55201794.47,2015.0,55201794.47,2015.0,34140658.94,55.201794469999996,17.82650603734878
12115,Sarasota County,820323432.62,9861.0,820323432.62,9861.0,811211530.4100001,820.32343262,20.52520925169892
12117,Seminole County,49188212.27,993.0,49188212.27,993.0,43413611.11,49.18821227,17.711164585078688
12119,Sumter County,912993.33,67.0,912993.3300000001,67.0,757875.7000000001,0.9129933299999999,13.724484949262093
12121,Suwannee County,6112383.449999999,139.0,6112383.449999999,139.0,3041403.02,6.112383449999999,15.625827508701104
12123,Taylor County,33483471.6,428.0,33483471.6,428.0,28000941.73,33.4834716,17.326562519831683
12125,Union County,264020.39,12.0,264020.38999999996,12.0,151325.71,0.26402039,12.483785401573563
12127,Volusia County,531585130.98,8737.0,531585130.97999996,8737.0,465573461.3,531.58513098,20.09137391597733
12129,Wakulla County,12785290.55,373.0,12785290.55,373.0,9768299.17,12.785290550000001,16.363805970514683
12131,Walton County,15047406.75,636.0,15047406.75,636.0,9001997.0,15.04740675,16.526716291798795
12133,Washington County,2738196.76,49.0,2738196.7600000002,49.0,2256125.14,2.7381967599999997,14.822810510125802
