STCOFIPS,RegionName,avg_annual_price_growth_pct,avg_price_to_income_ratio,avg_housing_price,avg_coastal_flood_risk,avg_hurricane_risk,growth_group
12001,Alachua County,4.385366048603323,4.044848923763551,206026.83039067962,0.0,96.70421360033376,Lower-growth counties
12003,Baker County,5.61213328333306,3.2640772394198057,200855.45871081523,0.0,74.46808510638297,Lower-growth counties
12005,Bay County,5.009758554626709,4.072031940062737,235650.55162125148,77.2,98.66499791405924,Lower-growth counties
12007,Bradford County,5.60870593149004,3.082374663243003,152309.2478057336,0.0,87.56779307467667,Lower-growth counties
12009,Brevard County,6.910939409603521,3.6479100071470536,223835.1554544448,82.0,99.70796829370046,Higher-growth counties
12011,Broward County,7.779613924986142,4.36092031542914,274284.89276066597,97.0,99.8331247392574,Higher-growth counties
12013,Calhoun County,4.481368253899851,3.117996528032636,123166.87017638361,21.2,89.11138923654566,Lower-growth counties
12015,Charlotte County,6.874131337389266,4.126323856592377,226283.9976791663,90.4,98.9987484355444,Higher-growth counties
12017,Citrus County,6.003177313856368,3.7214528216376093,173868.57455461827,92.60000000000004,98.7901543596162,Moderate-growth counties
12019,Clay County,5.496876421611623,3.150618554356353,223967.07260650632,56.99999999999999,89.77889027951606,Lower-growth counties
12021,Collier County,6.083811435586382,5.503530268856903,390870.285917119,95.2,99.74968710888608,Moderate-growth counties
12023,Columbia County,5.737472582032343,3.4860102918034124,166187.30234955935,0.0,90.44639132248643,Moderate-growth counties
12027,De Soto County,7.336833212552668,3.752467413121599,156204.2014378177,33.4,96.24530663329162,Higher-growth counties
12029,Dixie County,6.970458477030247,3.070025719878205,127495.83466688448,73.59999999999998,87.10888610763455,Higher-growth counties
12031,Duval County,5.724665814653442,3.373049436304548,196608.07880101056,91.0,97.6637463496037,Lower-growth counties
12033,Escambia County,5.101641025882008,3.360789055598482,182197.51537254627,76.79999999999998,98.83187317480184,Lower-growth counties
12035,Flagler County,6.149494237228284,4.164016771649467,247538.03208292185,67.60000000000001,94.95202336253652,Moderate-growth counties
12037,Franklin County,5.478022160881953,5.960720644543843,291499.1890310951,77.4,90.48811013767208,Lower-growth counties
12039,Gadsden County,4.64787153784643,3.065001137288193,127588.5198933641,0.0,91.44764288694202,Lower-growth counties
12041,Gilchrist County,6.584645316393624,3.5479109480229796,174481.30632681717,25.8,84.27200667501043,Moderate-growth counties
12043,Glades County,7.705256794429826,3.803723207118906,148245.04381190302,0.0,87.6095118898623,Higher-growth counties
12045,Gulf County,6.8945495353030575,5.073800062678445,258088.3414300217,61.6,93.4084272006675,Higher-growth counties
12047,Hamilton County,6.307562095039723,2.8599528675135133,119021.40885737874,0.0,90.0709219858156,Moderate-growth counties
12049,Hardee County,6.850656406311888,2.9942240738941917,131362.64873636683,0.0,91.36420525657071,Higher-growth counties
12051,Hendry County,9.20128897489122,3.495274680918562,154947.60400651713,25.6,94.24280350438048,Higher-growth counties
12053,Hernando County,7.350337799135771,3.591801138549409,187998.9016313398,74.2,96.078431372549,Higher-growth counties
12055,Highlands County,6.6561894826079335,3.18865349094952,141732.07548095973,0.0,95.70296203587817,Moderate-growth counties
12057,Hillsborough County,7.222018564324457,3.9054908630084437,243851.25155363872,92.4,99.29078014184395,Higher-growth counties
12059,Holmes County,4.8839201593317245,3.1437039821199466,129552.35208630335,0.0,91.48936170212764,Lower-growth counties
12061,Indian River County,6.566278827918489,4.193650834254573,242671.15364411767,69.0,99.16562369628704,Moderate-growth counties
12063,Jackson County,4.342102539659164,2.8708719372212337,120081.83817666926,0.0,94.32624113475178,Lower-growth counties
12065,Jefferson County,5.503329434989654,3.713285072581636,185540.71573700028,39.4,86.7334167709637,Lower-growth counties
12067,Lafayette County,6.183518640394146,3.0208063904081146,148989.99036654242,22.0,84.39716312056738,Moderate-growth counties
12069,Lake County,6.530590849017841,4.163325578062565,239288.06625722678,35.4,94.99374217772215,Moderate-growth counties
12071,Lee County,7.081684984776356,4.162691574042047,250705.24595411395,97.4,99.9165623696287,Higher-growth counties
12073,Leon County,3.5114338928593036,3.755075130791661,205100.28463958923,23.4,97.12140175219024,Lower-growth counties
12075,Levy County,6.5491147217009615,4.062323577677769,175688.5702146301,72.59999999999998,91.6145181476846,Moderate-growth counties
12077,Liberty County,5.6209921955969575,2.850343900041023,126633.26850838392,28.6,82.06090947017105,Lower-growth counties
12079,Madison County,5.34666820401332,3.3855525945202234,131901.43190005267,0.0,90.5715477680434,Lower-growth counties
12081,Manatee County,6.761673910584339,4.715188184119501,290688.08906917,98.0,99.33249895702964,Moderate-growth counties
12083,Marion County,6.115211614779868,3.6124859443081623,176093.06266528647,24.6,97.83062161034628,Moderate-growth counties
12085,Martin County,6.7219568068685005,4.496126103050665,293710.85747274087,73.0,98.7067167292449,Moderate-growth counties
12086,Miami-Dade County,8.026022835641992,5.778342504403732,318826.6705996035,99.6,99.95828118481434,Higher-growth counties
12087,Monroe County,7.4840359620632535,9.708846721508582,736500.2358488863,98.8,97.99749687108884,Higher-growth counties
12089,Nassau County,6.057701176296321,4.31035898365411,310126.21180429717,75.79999999999998,88.36045056320401,Moderate-growth counties
12091,Okaloosa County,4.699871248177641,3.755184374354845,248019.57833297196,62.6,98.08093450146016,Lower-growth counties
12093,Okeechobee County,7.8525968802216815,3.5690802690553918,161002.2344459161,0.0,93.53358364622444,Higher-growth counties
12095,Orange County,7.357576046785066,4.21203568619761,259858.5266333834,0.0,98.0392156862745,Higher-growth counties
12097,Osceola County,7.858897182659842,4.27091645659441,240178.97408482598,0.0,94.15936587400918,Higher-growth counties
12099,Palm Beach County,7.244242967739979,4.580061596162946,304221.794370899,93.4,99.87484355444305,Higher-growth counties
12101,Pasco County,6.649342632570129,3.8978917475606645,217364.38216285637,90.8,98.1226533166458,Moderate-growth counties
12103,Pinellas County,6.974027205164144,4.245651712989412,244822.74888784028,99.2,98.8735919899875,Higher-growth counties
12105,Polk County,7.179208802528536,3.6294934262581875,194188.465311567,0.0,98.49812265331664,Higher-growth counties
12107,Putnam County,6.092240538219658,3.3184273844522765,131836.07597433735,60.4,93.45014601585316,Moderate-growth counties
12109,Saint Johns County,5.6551303314514625,4.013131361632765,337403.39836939296,89.0,93.70045890696704,Lower-growth counties
12111,Saint Lucie County,9.13072467229751,4.063795563644958,229315.0414143294,65.2,99.20734251147267,Higher-growth counties
12113,Santa Rosa County,5.526375459576849,3.1776708327653376,229758.8506410458,70.8,97.24655819774716,Lower-growth counties
12115,Sarasota County,6.376909691814695,4.5508802899008165,293581.0080251871,93.60000000000004,99.54109303295786,Moderate-growth counties
12117,Seminole County,6.824880028781866,3.7075861440137574,260560.04252433742,0.0,94.65999165623698,Moderate-growth counties
12119,Sumter County,4.822197325809415,4.80207527672916,286468.3009224776,0.0,95.82811848143514,Lower-growth counties
12121,Suwannee County,5.588724406884804,3.6401320557459442,166159.3687364086,0.0,93.36670838548184,Lower-growth counties
12123,Taylor County,5.042159420084328,3.0380334569024665,125259.87270717895,76.59999999999998,92.69920734251149,Lower-growth counties
12125,Union County,6.10820151328364,3.0789553145325783,156181.06572332236,0.0,81.47684605757196,Moderate-growth counties
12127,Volusia County,6.780025430548374,3.9405167371410275,211391.4383653867,85.0,98.45640383813101,Moderate-growth counties
12129,Wakulla County,5.071143702525541,2.8751348121991698,186194.2124597187,61.2,84.48060075093868,Lower-growth counties
12131,Walton County,6.54391518590275,7.237817378570455,441864.2326437138,62.2,97.37171464330412,Moderate-growth counties
12133,Washington County,7.079600685994211,3.101631411244759,135642.3148581446,22.4,92.49061326658324,Higher-growth counties
